Artists,Track,Type,FA status,Has label,Permission,Comment,Tournament,Mappool slot,Tournament link,Note,Beatmap,FA listing,SoundCloud,YouTube,Spotify,Bandcamp,Asset
`Natteke`; `tieff`:34,Natteke ft. tieff - The Dream,BEATMAP,FA_FEATURE,0,ASSUMED,,,,,,https://osu.ppy.sh/beatmapsets/16599#osu/59406,,,https://www.youtube.com/watch?v=vtVT3A-ALUQ,,,
`Dictate`:21,Dictate - IMITATE,BEATMAP,FA,0,ASSUMED,,,,,,https://osu.ppy.sh/beatmapsets/1201530,,https://soundcloud.com/dictate/imitate,,,,
`happy30`:317,happy30 - wob wob,BEATMAP,FA,0,ASSUMED,,,,,,https://osu.ppy.sh/beatmapsets/115621,,,,,,
`II-L`:172,osu! training man - TRAINING-1,BEATMAP,FA,0,ASSUMED,,,,,,https://osu.ppy.sh/beatmapsets/1727804,,,https://www.youtube.com/watch?v=jS2r8PuyymI,,,
`happy30`:317,Porter Robinson & Madeon - Shelter (happy30 Remix),BEATMAP,FA,0,ASSUMED,,,,,,https://osu.ppy.sh/beatmapsets/527621,,,,https://open.spotify.com/album/0hgYsO1FgdGq5now2QjVUn,,
`tieff`:34,tieff - Sound of Night,BEATMAP,FA,0,ASSUMED,,,,,,https://osu.ppy.sh/beatmapsets/15952,,,,,,
`VINXIS`:22,VINXIS - Joushou no Tabi ~ The Ascending Journey,BEATMAP,FA,0,ASSUMED,,,,,,https://osu.ppy.sh/beatmapsets/1857663,,,https://www.youtube.com/watch?v=NAqdOfIVm2A,,,
`happy30`:317,happy30 - As the wind blows,BEATMAP,FA_CATALOGUE,1,CONFIRMED,,,,,,https://osu.ppy.sh/beatmapsets/355073,,,https://www.youtube.com/watch?v=XFZGRVIji9w,,,
`happy30`:317,happy30 - You spin my world,BEATMAP,FA_CATALOGUE,1,CONFIRMED,,,,,,https://osu.ppy.sh/beatmapsets/485205,,,,https://open.spotify.com/track/6B0mNLZUnFetKLANIngdHj,,
`Rabbit House`:242,Rabbit House - Muspelheim,BEATMAP,FA_CATALOGUE,1,CONFIRMED,,,,,,https://osu.ppy.sh/beatmapsets/815126,,https://soundcloud.com/dksslqj/muspelheim,,,,
`Natteke`; `tieff`:34,Natteke ft. tieff - Endless Tower,BEATMAP,FA_FEATURE,0,ASSUMED,,,,,,https://osu.ppy.sh/beatmapsets/17076,,,https://www.youtube.com/watch?v=TNAGrCBfQKc,,,
`Apollo`,Apollo - SCUNTHORPE,BEATMAP,NONE,0,ASSUMED,,,,,,https://osu.ppy.sh/beatmapsets/1677078,,,,,,
`Clemaister`,Clemaister - Celestial,BEATMAP,NONE,0,ASSUMED,,,,,,https://osu.ppy.sh/beatmapsets/19931,,https://soundcloud.com/clemaister/celestial,,,,
`Clemaister`,Clemaister - Chip Layer,BEATMAP,NONE,0,ASSUMED,,,,,,https://osu.ppy.sh/beatmapsets/28775,,https://soundcloud.com/clemaister/chip-layer,,,,
`Clemaister`,Clemaister - Classic Style,BEATMAP,NONE,0,ASSUMED,,,,,,https://osu.ppy.sh/beatmapsets/18920,,https://soundcloud.com/clemaister/classic-style,,,,
`Clemaister`,Clemaister - Getting up,BEATMAP,NONE,0,ASSUMED,,,,,,https://osu.ppy.sh/beatmapsets/20130,,https://soundcloud.com/clemaister/getting-up,,,,
`Clemaister`,Clemaister - New Story,BEATMAP,NONE,0,ASSUMED,,,,,,https://osu.ppy.sh/beatmapsets/19902,,,,,,
`Clemaister`; `Kamoflage`,Clemaister (ft. Kamoflage) - Rewind,BEATMAP,NONE,0,ASSUMED,,,,,,https://osu.ppy.sh/beatmapsets/18920,,https://soundcloud.com/clemaister/rewind,,,,
`cygnus`,cygnus - Psycho Gene,BEATMAP,NONE,0,ASSUMED,,,,,,https://osu.ppy.sh/beatmapsets/1884657,,,,,,
`Danzai`,Danzai - Error 001,BEATMAP,NONE,0,ASSUMED,,,,,,https://osu.ppy.sh/beatmapsets/20359,,,,,,
`dksslqj`,dksslqj - Oriental Creation,BEATMAP,NONE,0,ASSUMED,,,,,,https://osu.ppy.sh/beatmapsets/1678494,,,,,,
`dksslqj`,dksslqj - osu! Fan Cafe Logosong,BEATMAP,NONE,0,ASSUMED,,,,,,https://osu.ppy.sh/beatmapsets/148421,,,,,,
`Down`,Down - AJT,BEATMAP,NONE,0,ASSUMED,,,,,,https://osu.ppy.sh/beatmapsets/1705780#osu/3485484,,,,,,
`Down`,Down - Chosun,BEATMAP,NONE,0,ASSUMED,,,,,,https://osu.ppy.sh/beatmapsets/1833547,,,,https://open.spotify.com/album/24NP8pha5J7pWXJeeay8eR,,
`Down`,Down - Ekoro,BEATMAP,NONE,0,ASSUMED,,,,,,https://osu.ppy.sh/beatmapsets/1683876,,,,https://open.spotify.com/album/5nbet60aPK4tJCK3GVXhL2,,
`Down`,Down - Luscent,BEATMAP,NONE,0,ASSUMED,,,,,,https://osu.ppy.sh/beatmapsets/1641533,,,,https://open.spotify.com/album/05WPXYcvcDfAp91stvhpiz,,
`Down`,Down - Yamangomcpro6th,BEATMAP,NONE,0,ASSUMED,,,,,,https://osu.ppy.sh/beatmapsets/1715340,,,,https://open.spotify.com/album/7pJAbAElVYKbJ0L3dJGjPz,,
`handsome muscle`,handsome muscle - Lost in nightmare,BEATMAP,NONE,0,ASSUMED,,,,,,https://osu.ppy.sh/beatmapsets/552125,,,,,,
`Jar`,Jar - ztrout's Visit to The Proctologist,BEATMAP,NONE,0,ASSUMED,,,,,,https://osu.ppy.sh/beatmapsets/21145,,,,,,
`Ketchup`,Ketchup - ProjectUnreality,BEATMAP,NONE,0,ASSUMED,,,,,,https://osu.ppy.sh/beatmapsets/9077,,,,,,
`Clemaister`,Nobuo Uematsu - Battle theme (Clemaister remix),BEATMAP,NONE,0,ASSUMED,,,,,,https://osu.ppy.sh/beatmapsets/18679,,,,,,
`Syrsa`,Syrsa - Desolated,BEATMAP,NONE,0,ASSUMED,,,,,,https://osu.ppy.sh/beatmapsets/6615,,,,,,
`Syrsa`,Syrsa - Mad Machine,BEATMAP,NONE,0,ASSUMED,,,,,,https://osu.ppy.sh/beatmapsets/6610,,,,,,
`Shadren`,Shadren - Fanteer,BEATMAP,NONE,0,ASSUMED,,,,,,https://osu.ppy.sh/beatmapsets/725913,,https://soundcloud.com/shadren808/fanteer,,,,
`Sodium Iodate`,Sodium Iodate - Sucrose Overdose,BEATMAP,NONE,0,ASSUMED,,,,,,https://osu.ppy.sh/beatmapsets/1761965,,https://soundcloud.com/sodiumiodate/saccharide-overdose,,,,
`-Tochi`; `Yoko Kanno`,-Tochi - Ascension (feat. Yoko Kanno),BEATMAP,NONE,0,ASSUMED,,,,,,https://osu.ppy.sh/beatmapsets/1267316,,,https://www.youtube.com/watch?v=XvpOwOgdRww,,,
`SAMString`:273,SAMString - Akarui Taiyo,CONTEST_COMMUNITY,FA_CATALOGUE,1,CONFIRMED,,,,,,,,https://soundcloud.com/samstring/akarui-taiyo,,,,
"`Boaz Sound Team ""ptar124""`","Boaz Sound Team ""ptar124"" - How do you pronounce Boaz?",CONTEST_COMMUNITY,NONE,0,ASSUMED,,,,,,,,,https://www.youtube.com/watch?v=WuSv1zFpAmE,,,
`happy30`:317,happy30 - Circles!,CONTEST_OFFICIAL,FA_CATALOGUE,1,CONFIRMED,,,,,,,,,,https://open.spotify.com/track/2d2V6ZECeFKTbF7GK55Tvp,,
`Redside`:184,Kuba Oms - My Love (Redside Remix) (feat. Hatsune Miku),CONTEST_OFFICIAL,FA_CATALOGUE,1,CONFIRMED,,,,,,https://osu.ppy.sh/beatmapsets/1388993,,,https://www.youtube.com/watch?v=MGTf7A4B2jw,,,
`[ Argon ]`,nekodex - circles! ([ Argon ] Remix),CONTEST_OFFICIAL,NONE,0,ASSUMED,,,,,,,,,,,,https://assets.ppy.sh//contests/1/entries/9.mp3
`[ iL ]`,nekodex - circles! ([ iL ] Remix),CONTEST_OFFICIAL,NONE,0,ASSUMED,,,,,,,,,,,,https://assets.ppy.sh//contests/1/entries/6.mp3
`Alarido`,nekodex - circles! (Alarido Remix),CONTEST_OFFICIAL,NONE,0,ASSUMED,,,,,,,,,,,,https://assets.ppy.sh//contests/1/entries/2.mp3
`Alheak`,nekodex - circles! (Alheak Remix),CONTEST_OFFICIAL,NONE,0,ASSUMED,,,,,,,,,,,,https://assets.ppy.sh//contests/1/entries/5.mp3
`ayygurl`,nekodex - circles! (ayygurl Remix),CONTEST_OFFICIAL,NONE,0,ASSUMED,,,,,,,,,,,,https://assets.ppy.sh//contests/1/entries/11.mp3
`Chronocide`,nekodex - circles! (Chronocide Remix),CONTEST_OFFICIAL,NONE,0,ASSUMED,,,,,,,,,,,,https://assets.ppy.sh//contests/1/entries/16.mp3
`Daikyi`,nekodex - circles! (Daikyi Remix),CONTEST_OFFICIAL,NONE,0,ASSUMED,,,,,,,,,,,,https://assets.ppy.sh//contests/1/entries/3.mp3
`Flanster`,nekodex - circles! (Flanster Remix),CONTEST_OFFICIAL,NONE,0,ASSUMED,,,,,,,,,,,,https://assets.ppy.sh//contests/1/entries/10.mp3
`Frail`,nekodex - circles! (Frail Remix),CONTEST_OFFICIAL,NONE,0,ASSUMED,,,,,,,,,,,,https://assets.ppy.sh//contests/1/entries/8.mp3
`Halzyn`,nekodex - circles! (Halzyn Remix),CONTEST_OFFICIAL,NONE,0,ASSUMED,,,,,,,,,,,,https://assets.ppy.sh//contests/1/entries/20.mp3
`IOVANOVICI`,nekodex - circles! (IOVANOVICI Remix),CONTEST_OFFICIAL,NONE,0,ASSUMED,,,,,,,,,,,,https://assets.ppy.sh//contests/1/entries/14.mp3
`ItsMapleLeaf`,nekodex - circles! (ItsMapleLeaf Remix),CONTEST_OFFICIAL,NONE,0,ASSUMED,,,,,,,,,,,,https://assets.ppy.sh//contests/1/entries/13.mp3
`jukosi`,nekodex - circles! (jukosi Remix),CONTEST_OFFICIAL,NONE,0,ASSUMED,,,,,,,,,,,,https://assets.ppy.sh//contests/1/entries/18.mp3
`liaoxingyao`,nekodex - circles! (liaoxingyao Remix),CONTEST_OFFICIAL,NONE,0,ASSUMED,,,,,,,,,,,,https://assets.ppy.sh//contests/1/entries/1.mp3
`Moonlit`,nekodex - circles! (Moonlit Remix),CONTEST_OFFICIAL,NONE,0,ASSUMED,,,,,,,,,,,,https://assets.ppy.sh//contests/1/entries/17.mp3
`Petricpwnz`,nekodex - circles! (Petricpwnz Remix),CONTEST_OFFICIAL,NONE,0,ASSUMED,,,,,,,,,,,,https://assets.ppy.sh//contests/1/entries/12.mp3
`SFGrenade`,nekodex - circles! (SFGrenade Remix),CONTEST_OFFICIAL,NONE,0,ASSUMED,,,,,,,,,,,,https://assets.ppy.sh//contests/1/entries/7.mp3
`Vaxien`,nekodex - circles! (Vaxien Remix),CONTEST_OFFICIAL,NONE,0,ASSUMED,,,,,,,,,,,,https://assets.ppy.sh//contests/1/entries/19.mp3
`Down`,Down - My Love Remix,CONTEST_OFFICIAL,NONE,0,ASSUMED,,,,,,https://osu.ppy.sh/beatmapsets/1348553,,,,,,
`0 K`,Kuba Oms - My Love (0 K Remix) feat. Thievley,CONTEST_OFFICIAL,NONE,0,ASSUMED,,,,,,https://osu.ppy.sh/beatmapsets/1389031,,https://soundcloud.com/zero-kelvin-0k/my-love-remix,,,,
`DestoppeD`,Kuba Oms - My Love (DestoppeD Remix),CONTEST_OFFICIAL,NONE,0,ASSUMED,,,,,,https://osu.ppy.sh/beatmapsets/1388552,,,,,,
`Maemi no Yume`,Kuba Oms - My Love (Maemi no Yume's Remix),CONTEST_OFFICIAL,NONE,0,ASSUMED,,,,,,https://osu.ppy.sh/beatmapsets/1389127,,,,,,
`pm04034`,Kuba Oms - My Love (pm04034 Remix),CONTEST_OFFICIAL,NONE,0,ASSUMED,,,,,,https://osu.ppy.sh/beatmapsets/1382737,,,,,,
`Raytoly Trance`,Kuba Oms - My Love (Raytoly Trance Remix),CONTEST_OFFICIAL,NONE,0,ASSUMED,,,,,,https://osu.ppy.sh/beatmapsets/1389153,,https://soundcloud.com/raytoly/kuba-oms-my-love-raytoly-trance-remix,,,,
`Shadren`,Kuba Oms - My Love (Shadren Remix),CONTEST_OFFICIAL,NONE,0,ASSUMED,,,,,,https://osu.ppy.sh/beatmapsets/1382412,,https://soundcloud.com/shadren808/kuba-oms-my-love-shadren-remix,,,,
`takehirotei`,Kuba Oms - My Love (takehirotei Remix),CONTEST_OFFICIAL,NONE,0,ASSUMED,,,,,,https://osu.ppy.sh/beatmapsets/1390004,,https://soundcloud.com/takehirotei/kuba-oms-my-love-takehirotei-remix,,,,
`-Tochi`,Kuba Oms - My Love (tochi's Atmospheric Remix),CONTEST_OFFICIAL,NONE,0,ASSUMED,,,,,,https://osu.ppy.sh/beatmapsets/1389401,,,,,,
`XenjeS`,Kuba Oms - My Love (XenjeS' Remix),CONTEST_OFFICIAL,NONE,0,ASSUMED,,,,,,https://osu.ppy.sh/beatmapsets/1388590,,,https://www.youtube.com/watch?v=pfmc3QO4Ggs,,,
`Kurokotei`:58,nekodex - circles! (Kurokotei Remix),CONTEST_OFFICIAL,FA,0,ASSUMED,,,,,,,,https://soundcloud.com/dialgadu77/circles-remix,,,,
`SAMString`:273,Kuba Oms - My Love (SAMString Remix),CONTEST_OFFICIAL,FA,0,ASSUMED,,,,,,https://osu.ppy.sh/beatmapsets/1389249#osu/2868999,,https://soundcloud.com/samstring/kuba-oms-my-love-samstring-remix,,,,
`Raphlesia`; `BilliumMoto`:38,Raphlesia & BilliumMoto - My Love,CONTEST_OFFICIAL,FA,0,ASSUMED,,,,,,https://osu.ppy.sh/beatmapsets/1388906,,https://soundcloud.com/billiummoto/my-love,,,,
`BilliumMoto`:38,BilliumMoto - HDHR,CONTEST_OFFICIAL,FA_CATALOGUE,1,CONFIRMED,,,,,,,,https://soundcloud.com/billiummoto/hdhr,,,,
`cYsmix`:2,cYsmix - Arcade Busters,FA_RELEASE,FA_CATALOGUE,1,CONFIRMED,,,,,,,,https://soundcloud.com/olemlanglie/arcade-busters-osu,,,,
`cYsmix`:2,cYsmix - Behind the Walls,FA_RELEASE,FA_CATALOGUE,1,CONFIRMED,,,,,,,https://osu.ppy.sh/beatmaps/artists/tracks?artist=cYsmix&query=Behind%20The%20Walls,,,,,
`cYsmix`:2,cYsmix - Breeze,FA_RELEASE,FA_CATALOGUE,1,CONFIRMED,,,,,,,,https://soundcloud.com/olemlanglie/cysmix-breeze-osu,,,,
`cYsmix`:2,cYsmix - Classic Pursuit,FA_RELEASE,FA_CATALOGUE,1,CONFIRMED,,,,,,,,https://soundcloud.com/olemlanglie/cysmix-classic-pursuit-osu,,,,
`cYsmix`:2,cYsmix - Disco Bawls,FA_RELEASE,FA_CATALOGUE,1,CONFIRMED,,,,,,,,https://soundcloud.com/olemlanglie/cysmix-disco-bawls,,,,
`cYsmix`:2,cYsmix - Dovregubben's Hall,FA_RELEASE,FA_CATALOGUE,1,CONFIRMED,,,,,,,,https://soundcloud.com/olemlanglie/cysmix-dovregubbens-hall-new-ver-osu,,,,
`cYsmix`:2,cYsmix - Fright March,FA_RELEASE,FA_CATALOGUE,1,CONFIRMED,,,,,,,,https://soundcloud.com/olemlanglie/cysmix-fright-march-osu,,,,
`cYsmix`:2,cYsmix - House With Legs,FA_RELEASE,FA_CATALOGUE,1,CONFIRMED,,,,,,,,https://soundcloud.com/olemlanglie/cysmix-house-with-legs-original-mix,,,,
`cYsmix`:2,cYsmix - Little Knight,FA_RELEASE,FA_CATALOGUE,1,CONFIRMED,,,,,,,,https://soundcloud.com/olemlanglie/cysmix-little-knight,,,,
`cYsmix`:2,cYsmix - Manic,FA_RELEASE,FA_CATALOGUE,1,CONFIRMED,,,,,,,,https://soundcloud.com/olemlanglie/cysmix-manic-osu,,,,
`cYsmix`:2,cYsmix - Moonlight Sonata,FA_RELEASE,FA_CATALOGUE,1,CONFIRMED,,,,,,,,,,,https://cysmix.bandcamp.com/track/moonlight-sonata,
`cYsmix`:2,cYsmix - Peer Gynt,FA_RELEASE,FA_CATALOGUE,1,CONFIRMED,,,,,,,,https://soundcloud.com/olemlanglie/cysmix-peer-gynt-osu,,,,
`happy30`:317,happy30 - Relentless,FA_RELEASE,FA_CATALOGUE,1,CONFIRMED,,,,,,,https://osu.ppy.sh/beatmaps/artists/tracks?artist=happy30&query=Relentless,,,,,
`happy30`:317,happy30 - Shoot the star,FA_RELEASE,FA_CATALOGUE,1,CONFIRMED,,,,,,,https://osu.ppy.sh/beatmaps/artists/tracks?artist=happy30&query=%22Shoot%20the%20star%22,,,,,
`James Landino`:39,James Landino - Birdsong,FA_RELEASE,FA_CATALOGUE,1,CONFIRMED,,,,,,,https://osu.ppy.sh/beatmaps/artists/tracks?artist=James%20Landino&query=Birdsong,,,,,
`James Landino`:39,James Landino - Hide and Seek,FA_RELEASE,FA_CATALOGUE,1,CONFIRMED,,,,,,,https://osu.ppy.sh/beatmaps/artists/tracks?artist=James%20Landino&query=Hide%20and%20Seek,,,,,
`James Landino`:39; `Hentai Dude`; `Tofuku`,James Landino - Hit That feat. Hentai Dude & Tofuku (osu! edit),FA_RELEASE,FA_CATALOGUE,1,CONFIRMED,,,,,,,https://osu.ppy.sh/beatmaps/artists/tracks?artist=James%20Landino&query=Hit%20That%20feat.%20Hentai%20Dude%20%26%20Tofuku,,,,,
`James Landino`:39; `Slyleaf`,James Landino - Reaction feat. Slyleaf,FA_RELEASE,FA_CATALOGUE,1,CONFIRMED,,,,,,,https://osu.ppy.sh/beatmaps/artists/tracks?artist=James%20Landino&query=Reaction%20feat.%20Slyleaf,,,,,
`James Landino`:39,James Landino - Shiba Island,FA_RELEASE,FA_CATALOGUE,1,CONFIRMED,,,,,,,https://osu.ppy.sh/beatmaps/artists/tracks?artist=James%20Landino&query=Shiba%Island,,,,,
`James Landino`:39,James Landino - Spellbound,FA_RELEASE,FA_CATALOGUE,1,CONFIRMED,,,,,,,https://osu.ppy.sh/beatmaps/artists/tracks?artist=James%20Landino&query=Spellbound,,,,,
`James Landino`:39,James Landino - Anti Hero,FA_RELEASE,FA_CATALOGUE,1,CONFIRMED,,,,,,,https://osu.ppy.sh/beatmaps/artists/tracks?artist=James%20Landino&is_default_sort=true&query=%22Anti%20Hero%22,,,,,
`James Landino`:39,James Landino - Arsene's Bazaar,FA_RELEASE,FA_CATALOGUE,1,CONFIRMED,,,,,,,https://osu.ppy.sh/beatmaps/artists/tracks?artist=James%20Landino&is_default_sort=true&query=%22Arsene%27s%20Bazaar%22,,,,,
`James Landino`:39; `Funk Fiction`; `Andy Studer`,James Landino - Dreaming (with Funk Fiction & Andy Studer),FA_RELEASE,FA_CATALOGUE,1,CONFIRMED,,,,,,,https://osu.ppy.sh/beatmaps/artists/tracks?artist=James%20Landino&is_default_sort=true&query=%22Dreaming%20(with%20Funk%20Fiction%20%26%20Andy%20Studer)%22,,,,,
`James Landino`:39,James Landino - RUN2ME,FA_RELEASE,FA_CATALOGUE,1,CONFIRMED,,,,,,,https://osu.ppy.sh/beatmaps/artists/tracks?artist=James%20Landino&is_default_sort=true&query=%22RUN2ME%22,,,,,
`James Landino`:39,James Landino - Shiba Paradise,FA_RELEASE,FA_CATALOGUE,1,CONFIRMED,,,,,,,https://osu.ppy.sh/beatmaps/artists/tracks?artist=James%20Landino&is_default_sort=true&query=%22Shiba%20Paradise%22,,,,,
`kiraku`:101,kiraku - connection,FA_RELEASE,FA_CATALOGUE,1,CONFIRMED,,,,,,,https://osu.ppy.sh/beatmaps/artists/tracks?artist=kiraku&query=connection,,,,,
`Kitazawa Kyouhei`:165,Kitazawa Kyouhei - TRUE-QUEEN,FA_RELEASE,FA_CATALOGUE,1,CONFIRMED,,,,,,,,,https://www.youtube.com/watch?v=s4FcjckW0NE,,,
`Rabbit House`:242,Rabbit House - Gehenna,FA_RELEASE,FA_CATALOGUE,1,CONFIRMED,,,,,,,,https://soundcloud.com/dksslqj/gehenna,,,,
`yuki.`:4,yuki. - Be Your Light,FA_RELEASE,FA_CATALOGUE,1,CONFIRMED,,,,,,,https://osu.ppy.sh/beatmaps/artists/tracks?artist=yuki.&query=Be%20Your%20Light,,,,,
`yuki.`:4,yuki. - Candy Girl,FA_RELEASE,FA_CATALOGUE,1,CONFIRMED,,,,,,,https://osu.ppy.sh/beatmaps/artists/tracks?artist=yuki.&query=Candy%20Girl,,,,,
`yuki.`:4,yuki. - daft,FA_RELEASE,FA_CATALOGUE,1,CONFIRMED,,,,,,,https://osu.ppy.sh/beatmaps/artists/tracks?artist=yuki.&query=daft,,,,,
`yuki.`:4,yuki. - Forget you,FA_RELEASE,FA_CATALOGUE,1,CONFIRMED,,,,,,,https://osu.ppy.sh/beatmaps/artists/tracks?artist=yuki.&query=Forget%20you,,,,,
`yuki.`:4,yuki. - Have it All,FA_RELEASE,FA_CATALOGUE,1,CONFIRMED,,,,,,,https://osu.ppy.sh/beatmaps/artists/tracks?artist=yuki.&query=Have%20it%20All,,,,,
`yuki.`:4; `setsunan`,yuki. - Hello! World (feat. setsunan),FA_RELEASE,FA_CATALOGUE,1,CONFIRMED,,,,,,,https://osu.ppy.sh/beatmaps/artists/tracks?artist=yuki.&query=Hello!%20World%20(feat.%20setsunan),,,,,
`yuki.`:4,yuki. - Nadeshiko Sensation,FA_RELEASE,FA_CATALOGUE,1,CONFIRMED,,,,,,,,https://soundcloud.com/yuki_0126/nadeshiko-sensation,,,,
`yuki.`:4,yuki. - Polaris,FA_RELEASE,FA_CATALOGUE,1,CONFIRMED,,,,,,,https://osu.ppy.sh/beatmaps/artists/tracks?artist=yuki.&query=Polaris,,,,,
`yuki.`:4,yuki. - Spring Signal,FA_RELEASE,FA_CATALOGUE,1,CONFIRMED,,,,,,,https://osu.ppy.sh/beatmaps/artists/tracks?artist=yuki.&query=Spring%20Signal,,,,,
`ZxNX`:288,ZxNX - Altair,FA_RELEASE,FA_CATALOGUE,1,CONFIRMED,,,,,,,,https://soundcloud.com/zxnx/alt,,,,
`nekodex`:1,nekodex - osu!stream theme,OST,FA,0,ASSUMED,,,,,[osu!stream](/wiki/osu!stream) main theme,,,https://soundcloud.com/nekodex/osu-stream-theme,,,,
`nekodex`:1,nekodex - new beginnings,OST,FA,0,ASSUMED,,,,,Current tutorial song,https://osu.ppy.sh/beatmapsets/1011011,,,,,,
`nekodex`:1,nekodex - welcome to osu!,OST,FA,0,ASSUMED,,,,,Former osu! theme,,,https://soundcloud.com/nekodex/welcome-to-osu,,,,
`nekodex`:1,nekodex - welcome to christmas!,OST,FA_CATALOGUE,1,CONFIRMED,,,,,[osu!stream](/wiki/osu!stream) main theme,,,https://soundcloud.com/nekodex/welcome-to-christmas,,,,
`nekodex`:1,nekodex - circles!,OST,FA_CATALOGUE,1,CONFIRMED,,,,,2015 osu! theme,,,https://soundcloud.com/nekodex/circles,,,,
`nekodex`:1,nekodex - aureole,OST,FA_CATALOGUE,1,CONFIRMED,,,,,Christmas/Winter 2017 osu! theme,,,https://soundcloud.com/nekodex/aureole,,,,
`nekodex`:1,nekodex - carol of the circles,OST,FA_CATALOGUE,1,CONFIRMED,,,,,Christmas/Winter 2019 osu! theme,,,https://soundcloud.com/nekodex/carol-of-the-circles,,,,
`nekodex`:1,nekodex - Little Drummer Girl,OST,FA_CATALOGUE,1,CONFIRMED,,,,,Christmas/Winter 2020 osu! theme,,,https://soundcloud.com/nekodex/little-drummer-girl,,,,
`cYsmix`:2,cYsmix - triangles,OST,FA_CATALOGUE,1,CONFIRMED,,,,,Current osu!(lazer) main theme,,,https://soundcloud.com/olemlanglie/cysmix-triangles-osulazer,,,,
`nekodex`:1,nekodex - Liquid Future,OST,FA_CATALOGUE,1,CONFIRMED,,,,,Original composition for [osu!stream](/wiki/osu!stream),,,https://soundcloud.com/nekodex/liquid-future,,,,
`Peter Lambert`,Peter Lambert - osu! tutorial,OST,NONE,0,ASSUMED,,,,,Former tutorial song,https://osu.ppy.sh/beatmapsets/3756,,,,,,
`BilliumMoto`:38; `Akiri`,BilliumMoto x Akiri - Cryochemistry,TOURNAMENT_COMMUNITY,FA,0,ASSUMED,,4 Digit osu!mania World Cup 4,Grand Finals tiebreaker,/wiki/Tournaments/4DM/4,,https://osu.ppy.sh/beatmapsets/1698378,,https://soundcloud.com/billiummoto/cryochemistry,,,,
`Dictate`:21; `Spazza17`,Dictate & Spazza17 - Charlie's Perfect Math Class,TOURNAMENT_COMMUNITY,FA,0,ASSUMED,,Charlie's Perfect Math Class,Pool C FreeMod pick (C1),,,https://osu.ppy.sh/beatmapsets/1799284,,,https://www.youtube.com/watch?v=baAzs6QMeRg,,,
`VINXIS`:22,VINXIS - Commencement,TOURNAMENT_COMMUNITY,FA,0,ASSUMED,,Corsace Closed 2022,,,Livestream BGM,,,,https://www.youtube.com/watch?v=5W2xUCevUUQ,,,
`katagiri`:176,katagiri - Palace of Melancholia,TOURNAMENT_COMMUNITY,FA,0,ASSUMED,,Corsace Open 2021,Grand Finals tiebreaker,,,https://osu.ppy.sh/beatmapsets/1581367,,,https://www.youtube.com/watch?v=-Wq8Kk9Trsw,,,
`VINXIS`:22,VINXIS - FALL,TOURNAMENT_COMMUNITY,FA,0,ASSUMED,,Corsace Open 2021,Grand Finals NM6,,,https://osu.ppy.sh/beatmapsets/1581340,,,https://www.youtube.com/watch?v=_FlHUWVjHvY,,,
`Aoi`:183,Aoi - King Atlantis,TOURNAMENT_COMMUNITY,FA,0,ASSUMED,,Corsace Open 2022,Grand Finals tiebreaker,,,https://osu.ppy.sh/beatmapsets/1850986,,,https://www.youtube.com/watch?v=TLJkMNmDed4,,,
`Rabbit House`:242,Rabbit House - Divine Ordeal,TOURNAMENT_COMMUNITY,FA,0,ASSUMED,,Corsace Open 2022,Round of 32 tiebreaker,,,https://osu.ppy.sh/beatmapsets/1829371,,https://soundcloud.com/dksslqj/divine-ordeal,,,,
`rN`:190,rN - Anteisce,TOURNAMENT_COMMUNITY,FA,0,ASSUMED,,Corsace Open 2022,Grand Finals NM6,,,https://osu.ppy.sh/beatmapsets/1850922,,,,,,
`Camellia`:31,Camellia - TremENDouS,TOURNAMENT_COMMUNITY,FA,0,ASSUMED,,Expert Global Taiko Showdown 2021,Grand Finals tiebreaker,/wiki/Tournaments/GTS/EGTS_2021,,https://osu.ppy.sh/beatmapsets/1638764,,,https://www.youtube.com/watch?v=XXDNPX-oYCI,,,
`II-L`:172,II-L - Unidentified Frequency Op.3 (Type-Triangle),TOURNAMENT_COMMUNITY,FA,0,ASSUMED,,Expert Global Taiko Showdown 2021,Grand Finals NM5,/wiki/Tournaments/GTS/EGTS_2021,,https://osu.ppy.sh/beatmapsets/1632950,,,https://www.youtube.com/watch?v=vhsfT7PCp8A,,,
`katagiri`:176,katagiri - Taboo Assembly,TOURNAMENT_COMMUNITY,FA,0,ASSUMED,,Expert Global Taiko Showdown 2021,Grand Finals NM1,/wiki/Tournaments/GTS/EGTS_2021,,https://osu.ppy.sh/beatmapsets/1651850,,https://soundcloud.com/katagiri/taboo-assembly,,,,
`A?`:173,A? - WAVE PUNCH,TOURNAMENT_COMMUNITY,FA,0,ASSUMED,,Expert Global Taiko Showdown 2022,Qualifiers HR2,/wiki/Tournaments/GTS/EGTS_2022,,https://osu.ppy.sh/beatmapsets/1823663,,https://soundcloud.com/user-709202560/wave-punch,,,,
`Aoi`:183,Aoi - TYPE-Rebellion,TOURNAMENT_COMMUNITY,FA,0,ASSUMED,,Expert Global Taiko Showdown 2022,Round of 64 FM1,/wiki/Tournaments/GTS/EGTS_2022,,https://osu.ppy.sh/beatmapsets/1833435,,,https://www.youtube.com/watch?v=rH4EeaJ1X0c,,,
`DJ Raisei`:204,DJ Raisei - Fractured Angel,TOURNAMENT_COMMUNITY,FA,0,ASSUMED,,Expert Global Taiko Showdown 2022,Round of 32 tiebreaker,/wiki/Tournaments/GTS/EGTS_2022,,https://osu.ppy.sh/beatmapsets/1838114,,,https://www.youtube.com/watch?v=YlaYNIXJAyM,,,
`katagiri`:176,katagiri - Bootleg Heaven,TOURNAMENT_COMMUNITY,FA,0,ASSUMED,,Expert Global Taiko Showdown 2022,Finals NM6,/wiki/Tournaments/GTS/EGTS_2022,,https://osu.ppy.sh/beatmapsets/1855270,,,https://www.youtube.com/watch?v=7a2k9yvExv4,,,
`NIWASHI`:228,"NIWASHI - Silence is Golden, Speech is Golden",TOURNAMENT_COMMUNITY,FA,0,ASSUMED,,Expert Global Taiko Showdown 2022,Round of 32 NM1,/wiki/Tournaments/GTS/EGTS_2022,,https://osu.ppy.sh/beatmapsets/1833489,,https://soundcloud.com/n1wa5h1/niwashi-silence-is-golden-speech-is-golden,,,,
`rN`:190; `Shanom`; `ptar124`; `Zekai`,"rN vs. [Shanom, ptar124 & Zekai] - dichroma, ludiosia.",TOURNAMENT_COMMUNITY,FA,0,ASSUMED,,Expert Global Taiko Showdown 2022,Round of 16 tiebreaker,/wiki/Tournaments/GTS/EGTS_2022,,https://osu.ppy.sh/beatmapsets/1842219,,https://soundcloud.com/rurinn/dichroma,,,,
`BilliumMoto`:38,BilliumMoto - Harumachi clip your face off,TOURNAMENT_COMMUNITY,FA,0,ASSUMED,,Harumachi Cup Ω,Grand Finals tiebreaker,/wiki/Tournaments/HC/Omega,,https://osu.ppy.sh/beatmapsets/1817218,,,,,,
`Redside`:184,Redside - Harumachi Clover (Redside Bootleg),TOURNAMENT_COMMUNITY,FA,0,ASSUMED,,Harumachi Cup Ω,Quarterfinals tiebreaker,/wiki/Tournaments/HC/Omega,,https://osu.ppy.sh/beatmapsets/1810414,,https://soundcloud.com/redside100/ichimichi-mao-harumachi-clover-redside-bootleg,,,,
`VINXIS`:22,VINXIS - Harumachi Clover (VINXIS Dopamine Hit),TOURNAMENT_COMMUNITY,FA,0,ASSUMED,,Harumachi Cup Ω,Semifinals tiebreaker,/wiki/Tournaments/HC/Omega,,https://osu.ppy.sh/beatmapsets/1817125,,,,,,
`BilliumMoto`:38; `Dictate`:21,BilliumMoto & Dictate - 1KARUGA,TOURNAMENT_COMMUNITY,FA,0,ASSUMED,,Jaye's One Key Event 2: Spacebar Jam,Grand Finals tiebreaker,,,https://osu.ppy.sh/beatmapsets/1649302,,https://soundcloud.com/billiummoto/1karuga,,,,
`Sephid`:196,Sephid - Hypothesize,TOURNAMENT_COMMUNITY,FA,0,ASSUMED,,Rising Global Taiko Showdown 2022,Finals tiebreaker,/wiki/Tournaments/GTS/RGTS_2022,,https://osu.ppy.sh/beatmapsets/1897397,,,https://www.youtube.com/watch?v=FvaJrO3wJbI,,,
`seatrus`:185,seatrus - Querasis,TOURNAMENT_COMMUNITY,FA_CATALOGUE,1,CONFIRMED,,Corsace Open 2022,Grand Finals HD3,,,https://osu.ppy.sh/beatmapsets/1850936,,,https://www.youtube.com/watch?v=VuHjtzlw4ig,,,
`II-L`:172,II-L - Asteroid Field of DECAPLETS,TOURNAMENT_COMMUNITY,FA_CATALOGUE,1,CONFIRMED,,Intermediate Global Taiko Showdown 2021,Grand Finals tiebreaker,/wiki/Tournaments/GTS/IGTS_2021,,https://osu.ppy.sh/beatmapsets/1563553,,,https://www.youtube.com/watch?v=aCNl85O8KCk,,,
`SAMString`:273,SAMString - NUMA,TOURNAMENT_COMMUNITY,FA_CATALOGUE,1,CONFIRMED,,mezelyus' Summer Tournament 2021,Grand Finals tiebreaker,,,https://osu.ppy.sh/beatmapsets/1570528,,https://soundcloud.com/samstring/numa,,,,
`SAMString`:273,SAMString - Crystalised Euphoria,TOURNAMENT_COMMUNITY,FA_CATALOGUE,1,CONFIRMED,,PsychedelicMush's Scuffed AF Summer Tournament,Grand Finals NM7,,,https://osu.ppy.sh/beatmapsets/1819473,,,https://www.youtube.com/watch?v=EMsWUqqlwy8,,,
`UNDEAD CORPORATION`:45,UNDEAD CORPORATION - The Throne,TOURNAMENT_COMMUNITY,FA_CATALOGUE,1,CONFIRMED,,The Perennial 2022,Grand Finals tiebreaker,,,https://osu.ppy.sh/beatmapsets/1789376,,,https://www.youtube.com/watch?v=PCVtU9kWo1w,,,
`GTS Sound Team`,GTS Sound Team - 《/nttld.:beings》 ~Truth in Uncertainty~,TOURNAMENT_COMMUNITY,FA_FEATURE,0,ASSUMED,,Expert Global Taiko Showdown 2022,Grand Finals tiebreaker,/wiki/Tournaments/GTS/EGTS_2022,,https://osu.ppy.sh/beatmapsets/1859338#taiko/3822143,,https://soundcloud.com/sdmne/nttldbeings-truth-in-uncertainty,,,,
`Dz'Xa`,Dz'Xa - MV 5927,TOURNAMENT_COMMUNITY,NONE,0,ASSUMED,,Advanced Global Taiko Showdown 2022,Grand Finals tiebreaker,/wiki/Tournaments/GTS/AGTS_2022,,https://osu.ppy.sh/beatmapsets/1799673,,,https://www.youtube.com/watch?v=c0E3313xvYY,,,
`ReeK`; `roer`; `Rairiku`,"ReeK, roer & Rairiku - Kurwature 1869",TOURNAMENT_COMMUNITY,NONE,0,ASSUMED,,Advanced Global Taiko Showdown 2022,Finals tiebreaker,/wiki/Tournaments/GTS/AGTS_2022,,https://osu.ppy.sh/beatmapsets/1794825,,,https://www.youtube.com/watch?v=L4zSAByvNkY,,,
`Sparxe`,Sparxe - Archipelago of Ten Trials,TOURNAMENT_COMMUNITY,NONE,0,ASSUMED,,Ausu!Taiko Tournament 2022,Grand Finals tiebreaker,,,https://osu.ppy.sh/beatmapsets/1793933,,https://soundcloud.com/sparxenic/archipelago-of-ten-trials,,,,
`ptar124`,ptar124 - AmbidextrouS ~The Alchemist of The Left x The Sage of The Right~,TOURNAMENT_COMMUNITY,NONE,0,ASSUMED,,AxS 7th Edition,Grand Finals tiebreaker,,,https://osu.ppy.sh/beatmapsets/1698560,,https://soundcloud.com/part-lerts/axs-7th-grand-finals-tiebreaker-ambidextrous-x,,,,
`kanemiko`,kanemiko - Stellar Proximity Shift,TOURNAMENT_COMMUNITY,NONE,0,ASSUMED,,Charlie's Perfect Math Class,Pool B FreeMod pick (B1),,,https://osu.ppy.sh/beatmapsets/1799362,,https://soundcloud.com/kanemiko/stellar-proximity-shift,,,,
`Catsprite overdoses on Coffee`,Catsprite overdoses on Coffee - 1000000% CAFFEINE,TOURNAMENT_COMMUNITY,NONE,0,ASSUMED,,Coffee Hispanic: Mocha,Round of 16 FM1,/wiki/Tournaments/CH/CHM_1,,https://osu.ppy.sh/beatmapsets/1571087,,https://soundcloud.com/notreallyrook/1000000-caffeine-from-osu-coffee-hispanic,,,,
`pm04034`,pm04034 - cold smoothie coffee,TOURNAMENT_COMMUNITY,NONE,0,ASSUMED,,Coffee Hispanic: Mocha,Grand Finals tiebreaker,/wiki/Tournaments/CH/CHM_1,,https://osu.ppy.sh/beatmapsets/1592358,,,,,,
`pm04034`,pm04034 - Sugary Mocaccino,TOURNAMENT_COMMUNITY,NONE,0,ASSUMED,,Coffee Hispanic: Mocha,Grand Finals NM2,/wiki/Tournaments/CH/CHM_1,,https://osu.ppy.sh/beatmapsets/1592198,,,,,,
`Sparxe`,Sparxe - Chicxulub,TOURNAMENT_COMMUNITY,NONE,0,ASSUMED,,Continental Global Taiko Showdown 2021,Grand Finals tiebreaker,/wiki/Tournaments/GTS/CGTS_2021,,https://osu.ppy.sh/beatmapsets/1429738,,,https://www.youtube.com/watch?v=6NiJ45f3o-s,,,
`Down`,Down - ddm,TOURNAMENT_COMMUNITY,NONE,0,ASSUMED,,Corsace Closed 2022,Quarterfinals NM6,,,https://osu.ppy.sh/beatmapsets/1764656,,,,https://open.spotify.com/album/5ygle8UZPbAqJ8XuMAKgnl,,
`Kyutatsuki`,Kyutatsuki - _alc.yone,TOURNAMENT_COMMUNITY,NONE,0,ASSUMED,,Corsace Closed 2022,Grand Finals NM4,,,https://osu.ppy.sh/beatmapsets/1781161,,,https://www.youtube.com/watch?v=_LkXGLHR6Tg,,,
`Acylica`,Acylica - yoshicorsace,TOURNAMENT_COMMUNITY,NONE,0,ASSUMED,,Corsace Open 2022,Semifinals NM4,,,https://osu.ppy.sh/beatmapsets/1842665,,,https://www.youtube.com/watch?v=PwxRJUPhYAo,,,
`Down`,Down - Halfslashed,TOURNAMENT_COMMUNITY,NONE,0,ASSUMED,,Corsace Open 2022,Quarterfinals FM1,,,https://osu.ppy.sh/beatmapsets/1837962,,,https://www.youtube.com/watch?v=r2RH3_a7ld4,,,
`Down`,Down - UberFazz,TOURNAMENT_COMMUNITY,NONE,0,ASSUMED,,Corsace Open 2022,Finals FM2,,,https://osu.ppy.sh/beatmapsets/1846742,,,https://www.youtube.com/watch?v=S3E9D1d48Nc,,,
`Fuyuki Seana`,Fuyuki Seana - OVERFLOW SKIES,TOURNAMENT_COMMUNITY,NONE,0,ASSUMED,,Corsace Open 2022,Finals tiebreaker,,,https://osu.ppy.sh/beatmapsets/1846756,,https://soundcloud.com/sylp-hide/overflow-skies,,,,
`ikaruga_nex`,ikaruga_nex - SICK ROCK CRAZY,TOURNAMENT_COMMUNITY,NONE,0,ASSUMED,,Corsace Open 2022,Quarterfinals tiebreaker,,,https://osu.ppy.sh/beatmapsets/1838305,,https://soundcloud.com/ikaruga_nex/corsace-open-2022-sick-rock-crazy,,,,
`Kara`,Kara - AGAVEiL,TOURNAMENT_COMMUNITY,NONE,0,ASSUMED,,Corsace Open 2022,Semifinals tiebreaker,,,https://osu.ppy.sh/beatmapsets/1842694,,https://soundcloud.com/karalineavu/agaveill,,,,
`NTRSOUND`; `Estia`,NTRSOUND and Estia - Wisps of Nifl,TOURNAMENT_COMMUNITY,NONE,0,ASSUMED,,Corsace Open 2022,Round of 16 tiebreaker,,,https://osu.ppy.sh/beatmapsets/1833757,,https://soundcloud.com/estia_dtm/wisps-of-nifl,,,,
`Kushper`,Kushper - MENDENIKANOID,TOURNAMENT_COMMUNITY,NONE,0,ASSUMED,,DACH Cup,Finals NM5,,,https://osu.ppy.sh/beatmapsets/1828651,,,https://www.youtube.com/watch?v=hvs6-APcZ8Y,,,
`HowToPlayLN`,HowToPlayLN - Eternal Bliss,TOURNAMENT_COMMUNITY,NONE,0,ASSUMED,,DDS Tournament,Finals LN pick,,,https://osu.ppy.sh/beatmapsets/1635183,,,,,,
`Down`,Down - Solo Cup,TOURNAMENT_COMMUNITY,NONE,0,ASSUMED,,Duo Cup: Korea 2022,Semifinals FM1,,,https://osu.ppy.sh/beatmapsets/1760520,,,,https://open.spotify.com/album/4qMVTbgHvQThqza3pOgvag,,
`Down`,Down - Duo Cup,TOURNAMENT_COMMUNITY,NONE,0,ASSUMED,,Duo Cup: Korea 2022,Finals FM1,,,https://osu.ppy.sh/beatmapsets/1765192,,,,https://open.spotify.com/album/4osLwBbvDI7DnWfdujXbGM,,
`Down`,Down - Trio Cup,TOURNAMENT_COMMUNITY,NONE,0,ASSUMED,,Duo Cup: Korea 2022,Grand Finals DT2,,,https://osu.ppy.sh/beatmapsets/1769914,,,,https://open.spotify.com/album/7cWOHX315psZpXDp5jC0at,,
`Ice`,Ice - Conclusio Catastropha,TOURNAMENT_COMMUNITY,NONE,0,ASSUMED,,Expert Global Taiko Showdown 2021,Semifinals tiebreaker,/wiki/Tournaments/GTS/EGTS_2021,,https://osu.ppy.sh/beatmapsets/1621712,,,https://www.youtube.com/watch?v=N_ocBDUwSGc,,,
`ptar124`,ptar124 - Aqua Regia,TOURNAMENT_COMMUNITY,NONE,0,ASSUMED,,Expert Global Taiko Showdown 2021,Finals NM1,/wiki/Tournaments/GTS/EGTS_2021,,https://osu.ppy.sh/beatmapsets/1627334,,,https://www.youtube.com/watch?v=bUPpSzA0NwI,,,
`ReeK`,ReeK - Multigenre Smackdown,TOURNAMENT_COMMUNITY,NONE,0,ASSUMED,,Expert Global Taiko Showdown 2021,Finals tiebreaker,/wiki/Tournaments/GTS/EGTS_2021,,https://osu.ppy.sh/beatmapsets/1627304,,https://soundcloud.com/reek_wobs/multigenre-smackdown-global-taiko-showdown-2021-finals-tiebreaker,,,,
`SDMNE`,SDMNE - PATERA,TOURNAMENT_COMMUNITY,NONE,0,ASSUMED,,Expert Global Taiko Showdown 2021,Quarterfinals tiebreaker,/wiki/Tournaments/GTS/EGTS_2021,,https://osu.ppy.sh/beatmapsets/1616127,,https://soundcloud.com/sdmne/patera-from-egts-2021-tribute,,,,
`blobdash`,blobdash - Corrupted Binary StaR,TOURNAMENT_COMMUNITY,NONE,0,ASSUMED,,Expert Global Taiko Showdown 2022,Quarterfinals NM1,/wiki/Tournaments/GTS/EGTS_2022,,https://osu.ppy.sh/beatmapsets/1846727,,https://soundcloud.com/blobdash/corrupted-binary-star,,,,
`blobdash`,blobdash - Resentment,TOURNAMENT_COMMUNITY,NONE,0,ASSUMED,,Expert Global Taiko Showdown 2022,Semifinals FM2,/wiki/Tournaments/GTS/EGTS_2022,,https://osu.ppy.sh/beatmapsets/1850544,,https://soundcloud.com/blobdash/resentment,,,,
`blobdash`; `Raphlesia`,blobdash & Raphlesia - Recollection,TOURNAMENT_COMMUNITY,NONE,0,ASSUMED,,Expert Global Taiko Showdown 2022,Round of 96 tiebreaker,/wiki/Tournaments/GTS/EGTS_2022,,https://osu.ppy.sh/beatmapsets/1828727,,https://soundcloud.com/blobdash/recollection,,,,
`DJ Witch Girl MIR4CLEN`,DJ Witch Girl MIR4CLEN - Danrit,TOURNAMENT_COMMUNITY,NONE,0,ASSUMED,,Expert Global Taiko Showdown 2022,Round of 16 FM3,/wiki/Tournaments/GTS/EGTS_2022,,https://osu.ppy.sh/beatmapsets/1842746,,https://soundcloud.com/mir4clen/osutaiko,,,,
`Gardens`,Gardens - Rafflesia,TOURNAMENT_COMMUNITY,NONE,0,ASSUMED,,Expert Global Taiko Showdown 2022,Round of 64 tiebreaker,/wiki/Tournaments/GTS/EGTS_2022,,https://osu.ppy.sh/beatmapsets/1833491,,https://soundcloud.com/gardensdtm/rafflesia,,,,
`ikaruga_nex`; `Kagetora.`,ikaruga_nex vs. Kagetora. - Grabinschrift der Gotter,TOURNAMENT_COMMUNITY,NONE,0,ASSUMED,,Expert Global Taiko Showdown 2022,Finals tiebreaker,/wiki/Tournaments/GTS/EGTS_2022,,https://osu.ppy.sh/beatmapsets/1855299,,https://soundcloud.com/ikaruga_nex/egts-2022-finals-tb-ikaruga_nex-vs-grabinschrift-der-gotter,,,,
`KAH`,KAH - Judge UP↑ DOWN↓,TOURNAMENT_COMMUNITY,NONE,0,ASSUMED,,Expert Global Taiko Showdown 2022,Round of 128 FM3,/wiki/Tournaments/GTS/EGTS_2022,,https://osu.ppy.sh/beatmapsets/1828735,,https://soundcloud.com/kah_growsong/gts2022judge-up-down,,,,
`Kou!`,Kou! - Sanzui,TOURNAMENT_COMMUNITY,NONE,0,ASSUMED,,Expert Global Taiko Showdown 2022,Quarterfinals FM1,/wiki/Tournaments/GTS/EGTS_2022,,https://osu.ppy.sh/beatmapsets/1846769,,https://soundcloud.com/kou_desu/sanzui,,,,
`kyou1110`,kyou1110 - Mam rozbite sluchatka placem,TOURNAMENT_COMMUNITY,NONE,0,ASSUMED,,Expert Global Taiko Showdown 2022,Quarterfinals tiebreaker,/wiki/Tournaments/GTS/EGTS_2022,,https://osu.ppy.sh/beatmapsets/1846616,,,https://www.youtube.com/watch?v=eAaJjlP2N_A,,,
`one fourteen`,one fourteen - break through,TOURNAMENT_COMMUNITY,NONE,0,ASSUMED,,Expert Global Taiko Showdown 2022,Semifinals NM1,/wiki/Tournaments/GTS/EGTS_2022,,https://osu.ppy.sh/beatmapsets/1850900,,https://soundcloud.com/luzeria/breakthrough,,,,
`Rukadesu`; `5KiLOBYTE`,Rukadesu & 5KiLOBYTE - ULTIMATE,TOURNAMENT_COMMUNITY,NONE,0,ASSUMED,,Expert Global Taiko Showdown 2022,Grand Finals FM3,/wiki/Tournaments/GTS/EGTS_2022,,https://osu.ppy.sh/beatmapsets/1859283#taiko/3822010,,https://soundcloud.com/5kilobyte/ultimate,,,,
`Sad Keyboard Guy`,Sad Keyboard Guy - Reflection Shift,TOURNAMENT_COMMUNITY,NONE,0,ASSUMED,,Expert Global Taiko Showdown 2022,Semifinals FM3,/wiki/Tournaments/GTS/EGTS_2022,,https://osu.ppy.sh/beatmapsets/1851049,,https://soundcloud.com/sadkeyboardguy/reflection-shift,,,,
`Slax`,Slax - Giri the Giri,TOURNAMENT_COMMUNITY,NONE,0,ASSUMED,,Expert Global Taiko Showdown 2022,Round of 128 HD2,/wiki/Tournaments/GTS/EGTS_2022,,https://osu.ppy.sh/beatmapsets/1828739,,,https://www.youtube.com/watch?v=2IS9oBstIcY,,,
`Sparxe`,Sparxe - Dream Elevator,TOURNAMENT_COMMUNITY,NONE,0,ASSUMED,,Expert Global Taiko Showdown 2022,Round of 32 DT1,/wiki/Tournaments/GTS/EGTS_2022,,https://osu.ppy.sh/beatmapsets/1837865,,,https://www.youtube.com/watch?v=twx6tOXXy4Q,,,
`stoops`; `breakchild`,stoops & breakchild - blue noah 2022,TOURNAMENT_COMMUNITY,NONE,0,ASSUMED,,Expert Global Taiko Showdown 2022,Round of 32 FM2,/wiki/Tournaments/GTS/EGTS_2022,,https://osu.ppy.sh/beatmapsets/1837866,,https://soundcloud.com/breakchildaltuwu/blue-noah-2022,,,,
`takehirotei`,takehirotei - Rules of the Chaos Dilemma,TOURNAMENT_COMMUNITY,NONE,0,ASSUMED,,Expert Global Taiko Showdown 2022,Semifinals tiebreaker,/wiki/Tournaments/GTS/EGTS_2022,,https://osu.ppy.sh/beatmapsets/1850782,,https://soundcloud.com/takehirotei/egts-sf-tb-takehirotei-as-infinite-limit-rules-of-the-chaos-dilemma,,,,
`Sparxe`,Sparxe - Zinnober,TOURNAMENT_COMMUNITY,NONE,0,ASSUMED,,Intermediate Global Taiko Showdown 2022,Grand Finals tiebreaker,/wiki/Tournaments/GTS/IGTS_2022,,https://osu.ppy.sh/beatmapsets/1754903,,,https://www.youtube.com/watch?v=P_THfvY2ID4,,,
`pm04034`,pm04034 - Invenzione No. 3N&3R: Sonatina for a Dying Lord,TOURNAMENT_COMMUNITY,NONE,0,ASSUMED,,LordEnder Global Taiko Showdown 2021,Grand Finals tiebreaker,,,https://osu.ppy.sh/beatmapsets/1569783,,https://soundcloud.com/gtssoundteam/invenzione-no-3n-3r-sonatina,,,,
`takehirotei`,takehirotei - Finale Battle of the Requiem,TOURNAMENT_COMMUNITY,NONE,0,ASSUMED,,osu! Malaysia Tournament 2021,Grand Finals tiebreaker,,,https://osu.ppy.sh/beatmapsets/1524502,,,https://www.youtube.com/watch?v=zLwFEpqiUa8,,,
`takehirotei`,takehirotei - Alterism,TOURNAMENT_COMMUNITY,NONE,0,ASSUMED,,osu! Malaysia Tournament 2022,Grand Finals NM5,,,https://osu.ppy.sh/beatmapsets/1819534,,https://soundcloud.com/takehirotei/alterism-full-version,,,,
`takehirotei`,takehirotei - Fullest Adventure from the Abyss to Divine,TOURNAMENT_COMMUNITY,NONE,0,ASSUMED,,osu! Malaysia Tournament 2022,Grand Finals tiebreaker,,,https://osu.ppy.sh/beatmapsets/1819550,,https://soundcloud.com/takehirotei/takehirotei-as-infinite-limit-fullest-adventure-from-the-abyss-to-divine-omt-2022-gf-tb,,,,
`NicDroid`,NicDroid - Northern Lunar Node,TOURNAMENT_COMMUNITY,NONE,0,ASSUMED,,osu! Philippines Nationals 2021,Grand Finals tiebreaker,,,https://osu.ppy.sh/beatmapsets/1524569,,,https://www.youtube.com/watch?v=GWltdzuJeJY,,,
`Arctic Indexed Systems.`,Arctic Indexed Systems. - Nightburner,TOURNAMENT_COMMUNITY,NONE,0,ASSUMED,,osu! Philippines Nationals 2022,Grand Finals tiebreaker,,,https://osu.ppy.sh/beatmapsets/1803916,,https://soundcloud.com/arcsys04/nightburner,,,,
`NicDroid`,"NicDroid as ""NicDono"" - TAMBOL2022",TOURNAMENT_COMMUNITY,NONE,0,ASSUMED,,osu! Philippines Nationals 2022 - osu!taiko,Grand Finals tiebreaker,,,https://osu.ppy.sh/beatmapsets/1838613,,,https://www.youtube.com/watch?v=zhecFreHC94,,,
`PSYQUI`,PSYQUI - Pallet (HowToPlayLN's Piano+Cello Rearrangement),TOURNAMENT_COMMUNITY,NONE,0,ASSUMED,,osu!mania LN Tournament 3,,/wiki/Tournaments/o!mLN/3,Ending credits scene,,,https://soundcloud.com/indekkusu/pallet-rearrangement,,,,
`HowToPlayLN`,HowToPlayLN - LNCryption,TOURNAMENT_COMMUNITY,NONE,0,ASSUMED,,osu!mania LN Tournament 3,Grand Finals wildcard,/wiki/Tournaments/o!mLN/3,,https://osu.ppy.sh/beatmapsets/1893946,,https://soundcloud.com/indekkusu/lncryption,,,,
`takehirotei`,"HowToPlayLN - Normal Distribution (takehirotei ""t-distribution"" remix)",TOURNAMENT_COMMUNITY,NONE,0,ASSUMED,,osu!mania LN Tournament 3,Quarterfinals wildcard,/wiki/Tournaments/o!mLN/3,,https://osu.ppy.sh/beatmapsets/1880819,,https://soundcloud.com/takehirotei/howtoplayln-normal-distribution-takehirotei-t-distribution-remixstatistically-significant,,,,
`Supa7onyz pres. 5-let`,Supa7onyz pres. 5-let - Unsynchronized Rhythms,TOURNAMENT_COMMUNITY,NONE,0,ASSUMED,,osu!mania LN Tournament 3,Grand Finals technical,/wiki/Tournaments/o!mLN/3,,https://osu.ppy.sh/beatmapsets/1893947,,https://soundcloud.com/user-679008856/om-ln3-custom-song-supa7onyz-pres-5-let-unsynchronized-rhythms,,,,
`cexiria`,cexiria - Early Trial,TOURNAMENT_COMMUNITY,NONE,0,ASSUMED,,osu!taiko Malaysia Tournament 2022,Quarterfinals NM1,,,https://osu.ppy.sh/beatmapsets/1875943,,https://soundcloud.com/cexiria/early-trial,,,,
`cexiria`,cexiria - Over the Sphere,TOURNAMENT_COMMUNITY,NONE,0,ASSUMED,,osu!taiko Malaysia Tournament 2022,Quarterfinals tiebreaker,,,https://osu.ppy.sh/beatmapsets/1875981,,https://soundcloud.com/cexiria/over-the-sphere,,,,
`HowToPlayLN`,HowToPlayLN - Disintegration of the Isolated Forest,TOURNAMENT_COMMUNITY,NONE,0,ASSUMED,,osu!taiko Malaysia Tournament 2022,Semifinals tiebreaker,,,https://osu.ppy.sh/beatmapsets/1880505,,https://soundcloud.com/indekkusu/isolated-forest,,,,
`HowToPlayLN`,HowToPlayLN - Eternal Bliss (HowToPlayLN's 'Nirvana' Remix),TOURNAMENT_COMMUNITY,NONE,0,ASSUMED,,osu!taiko Malaysia Tournament 2022,Group Stage FM2,,,https://osu.ppy.sh/beatmapsets/1867368,,https://soundcloud.com/indekkusu/eternal-bliss-remix,,,,
`HowToPlayLN`,HowToPlayLN - ph0eniix.z,TOURNAMENT_COMMUNITY,NONE,0,ASSUMED,,osu!taiko Malaysia Tournament 2022,Finals NM2,,,https://osu.ppy.sh/beatmapsets/1885288,,https://soundcloud.com/indekkusu/ph0eniixz,,,,
`SiLiS`,SiLiS - Desir -Saigo no Odori-,TOURNAMENT_COMMUNITY,NONE,0,ASSUMED,,osu!taiko Malaysia Tournament 2022,Round of 16 NM3,,,https://osu.ppy.sh/beatmapsets/1871708,,https://soundcloud.com/silis/desir-saigo-no-odori,,,,
`Sparxe`,Sparxe - What do you C?,TOURNAMENT_COMMUNITY,NONE,0,ASSUMED,,osu!taiko Malaysia Tournament 2022,Finals tiebreaker,,,https://osu.ppy.sh/beatmapsets/1885333,,,,,,
`Tartarate`; `cexiria`,Tartarate vs. cexiria - Pink Aquarium,TOURNAMENT_COMMUNITY,NONE,0,ASSUMED,,osu!taiko Malaysia Tournament 2022,Qualifiers NM1,,,https://osu.ppy.sh/beatmapsets/1862333,,https://soundcloud.com/tartrate/pink-aquarium,,,,
`takehirotei`,takehirotei - I.R.I.S,TOURNAMENT_COMMUNITY,NONE,0,ASSUMED,,osu!taiko Malaysia Tournament 2022,Grand Finals tiebreaker,,,https://osu.ppy.sh/beatmapsets/1889529,,,https://www.youtube.com/watch?v=Xata6N3LAyU,,,
`xavy`,xavy - ko,TOURNAMENT_COMMUNITY,NONE,0,ASSUMED,,osu!taiko Malaysia Tournament 2022,Grand Finals NM3,,,https://osu.ppy.sh/beatmapsets/1889530,,https://soundcloud.com/xavylo/nukonaritai,,,,
`Xyris`,Xyris - A Cybernetic-Superluminal-Apocalyptic Post-War Divination,TOURNAMENT_COMMUNITY,NONE,0,ASSUMED,,Resurrection Cup,Grand Finals tiebreaker,,,https://osu.ppy.sh/beatmapsets/1814494,,https://soundcloud.com/itsxyris/a-cybernetic-superluminal-apocalyptic-post-war-divination,,,,
`Dz'Xa`,Dz'Xa - COSMOBEAT,TOURNAMENT_COMMUNITY,NONE,0,ASSUMED,,Rising Global Taiko Showdown 2021,Grand Finals tiebreaker,/wiki/Tournaments/GTS/RGTS_2021,,https://osu.ppy.sh/beatmapsets/1523659,,https://soundcloud.com/dz_xa/cosmobeat,,,,
`blobdash`; `breakchild`,blobdash & breakchild - EPiSODES,TOURNAMENT_COMMUNITY,NONE,0,ASSUMED,,Rising Global Taiko Showdown 2022,Grand Finals tiebreaker,/wiki/Tournaments/GTS/RGTS_2022,,https://osu.ppy.sh/beatmapsets/1901573,,https://soundcloud.com/blobdash/episodes,,,,
`Ice`; `Yukino`,Ice vs Yukino - R4incarnation,TOURNAMENT_COMMUNITY,NONE,0,ASSUMED,,Squad Global Taiko Showdown 2021,Grand Finals tiebreaker,/wiki/Tournaments/GTS/SGTS_2021,,https://osu.ppy.sh/beatmapsets/1698384,,https://soundcloud.com/iceloki/r4incarnation-vs-yukino,,,,
`Down`,Down - DeviousPanda,TOURNAMENT_COMMUNITY,NONE,0,ASSUMED,,The Perennial 2022,Grand Finals NM6,,,https://osu.ppy.sh/beatmapsets/1789325,,,,https://open.spotify.com/album/7o7flUNX2MptKfLVL4Y2bz,,
`Shindig`,Shindig - Dog Time,TOURNAMENT_COMMUNITY,NONE,0,ASSUMED,,GST:LIVE 2022,Quarterfinals HD pick (B5),/wiki/Tournaments/GSTLIVE/22,,https://osu.ppy.sh/beatmapsets/1901854,,,https://www.youtube.com/watch?v=ctDT9l2CjQQ,,,
`Sparxe`,Sparxe - Bad Break!!!,TOURNAMENT_COMMUNITY,NONE,0,ASSUMED,,GST:LIVE 2022,Semifinals/Finals NM pick (C11),/wiki/Tournaments/GSTLIVE/22,,https://osu.ppy.sh/beatmapsets/1901569,,https://soundcloud.com/sparxenic/bad-break,,,,
`katagiri`:176,katagiri - Buta Musou,TOURNAMENT_OFFICIAL,FA,0,ASSUMED,,osu! World Cup 2021,Grand Finals NM1,/wiki/Tournaments/OWC/2021,,https://osu.ppy.sh/beatmapsets/1633225,,https://soundcloud.com/katagiri/buta-musou,,,,
`NIWASHI`:228,NIWASHI - Harder Than Diamond,TOURNAMENT_OFFICIAL,FA,0,ASSUMED,,osu! World Cup 2022,Finals FM4,/wiki/Tournaments/OWC/2022,,https://osu.ppy.sh/beatmapsets/1884920,,,https://www.youtube.com/watch?v=PCc2tM3YWs0,,,
`Camellia`:31,Camellia - OOPARTS,TOURNAMENT_OFFICIAL,FA_CATALOGUE,1,CONFIRMED,,osu! World Cup 2020,Grand Finals tiebreaker,/wiki/Tournaments/OWC/2020,,https://osu.ppy.sh/beatmapsets/1312143,,,https://www.youtube.com/watch?v=lc4nTM6M9KY,,,
`Yooh`:218,Yooh - RPG,TOURNAMENT_OFFICIAL,FA_CATALOGUE,1,CONFIRMED,,osu! World Cup 2021,Grand Finals tiebreaker,/wiki/Tournaments/OWC/2021,,https://osu.ppy.sh/beatmapsets/1633250,,,https://www.youtube.com/watch?v=oGO87WH2FWM,,,
`DJ Raisei`:204,DJ Raisei - T.R.A.P.,TOURNAMENT_OFFICIAL,FA_CATALOGUE,1,CONFIRMED,,osu! World Cup 2022,Grand Finals NM4,/wiki/Tournaments/OWC/2022,,https://osu.ppy.sh/beatmapsets/1889105,,https://soundcloud.com/raisei/traptrap,,,,
`II-L`:172; `amelie xoxo`,II-L ft. amelie xoxo - THE EARTH,TOURNAMENT_OFFICIAL,FA_CATALOGUE,1,CONFIRMED,,osu! World Cup 2022,Grand Finals NM5,/wiki/Tournaments/OWC/2022,,https://osu.ppy.sh/beatmapsets/1889101,,https://soundcloud.com/ii-l/the-earth,,,,
`Kurokotei`:58; `Sennzai`:110,"Kurokotei feat. Sennzai - escape (the looking-glass, and what alice found there)",TOURNAMENT_OFFICIAL,FA_CATALOGUE,1,CONFIRMED,,osu! World Cup 2022,Semifinals tiebreaker,/wiki/Tournaments/OWC/2022,,https://osu.ppy.sh/beatmapsets/1880652,,,https://www.youtube.com/watch?v=rYmTItO3caw,,,
`Rabbit House`:242,Rabbit House - Sanctuary,TOURNAMENT_OFFICIAL,FA_CATALOGUE,1,CONFIRMED,,osu! World Cup 2022,Grand Finals HR2,/wiki/Tournaments/OWC/2022,,https://osu.ppy.sh/beatmapsets/1889094,,https://soundcloud.com/dksslqj/sanctuary,,,,
`Raimukun`:247,Raimukun - Mythis Orbis,TOURNAMENT_OFFICIAL,FA_CATALOGUE,1,CONFIRMED,,osu! World Cup 2022,Grand Finals NM2,/wiki/Tournaments/OWC/2022,,https://osu.ppy.sh/beatmapsets/1889095,,https://soundcloud.com/channel-thenewlimee/myths-orbis,,,,
`Redside`:184,Redside - Sidequest,TOURNAMENT_OFFICIAL,FA_CATALOGUE,1,CONFIRMED,,osu! World Cup 2022,Quarterfinals HR3,/wiki/Tournaments/OWC/2022,,https://osu.ppy.sh/beatmapsets/1880625,,https://soundcloud.com/redside100/sidequest,,,,
`rN`:190,rN - onostrapha,TOURNAMENT_OFFICIAL,FA_CATALOGUE,1,CONFIRMED,,osu! World Cup 2022,Finals FM2,/wiki/Tournaments/OWC/2022,,https://osu.ppy.sh/beatmapsets/1884914,,,https://www.youtube.com/watch?v=DyBxCLcrY-c,,,
`seatrus`:185,seatrus - EXXTRA JUDGEMENT,TOURNAMENT_OFFICIAL,FA_CATALOGUE,1,CONFIRMED,,osu! World Cup 2022,Grand Finals tiebreaker,/wiki/Tournaments/OWC/2022,,https://osu.ppy.sh/beatmapsets/1889132,,https://soundcloud.com/seatrus_frontier/seatrus-exxtra-judgement,,,,
`Sephid`:196,Sephid - Thunderstrike 1988,TOURNAMENT_OFFICIAL,FA_CATALOGUE,1,CONFIRMED,,osu! World Cup 2022,Grand Finals HD3,/wiki/Tournaments/OWC/2022,,https://osu.ppy.sh/beatmapsets/1889109,,,https://www.youtube.com/watch?v=iddcX63D2Ag,,,
`Thaehan`:7,Thaehan - All or Nothing,TOURNAMENT_OFFICIAL,FA_CATALOGUE,1,CONFIRMED,,osu! World Cup 2022,Semifinals HR1,/wiki/Tournaments/OWC/2022,,https://osu.ppy.sh/beatmapsets/1880625,,,https://www.youtube.com/watch?v=lrtA205InoQ,,,
`Frums`:68,Frums - of Ambrosia,TOURNAMENT_OFFICIAL,FA_CATALOGUE,1,CONFIRMED,,osu!catch World Cup 2021,Grand Finals tiebreaker,/wiki/Tournaments/CWC/2021,,https://osu.ppy.sh/beatmapsets/1478486,,,https://www.youtube.com/watch?v=I2b7PUMeciM,,,
`D-D-Dice`; `siromaru`:226,D-D-Dice vs. siromaru - Catch the Glory,TOURNAMENT_OFFICIAL,FA_CATALOGUE,1,CONFIRMED,,osu!catch World Cup 2022,Grand Finals tiebreaker,/wiki/Tournaments/CWC/2022,,https://osu.ppy.sh/beatmapsets/1794214,,,https://www.youtube.com/watch?v=YBFh4DON-CA,,,
`SUPER MWC KART`,SUPER MWC KART - Purple Palace,TOURNAMENT_OFFICIAL,FA_CATALOGUE,1,CONFIRMED,,osu!mania 4K World Cup 2021,Grand Finals tiebreaker,/wiki/Tournaments/MWC/2021_4K,,https://osu.ppy.sh/beatmapsets/1569527,,,https://www.youtube.com/watch?v=Mv-j30_r0FE,,,
`aa...hisuichazuke...`,aa...hisuichazuke... - steganography,TOURNAMENT_OFFICIAL,FA_CATALOGUE,1,CONFIRMED,,osu!mania 4K World Cup 2022,Grand Finals tiebreaker,/wiki/Tournaments/MWC/2022_4K,,https://osu.ppy.sh/beatmapsets/1846639,,,https://www.youtube.com/watch?v=CRD-2sk6Zt8,,,
`HyuN`:33; `Sennzai`:110,HyuN feat. Sennzai - Duplicity Shade,TOURNAMENT_OFFICIAL,FA_CATALOGUE,1,CONFIRMED,,osu!mania 7K World Cup 2022,Grand Finals tiebreaker,/wiki/Tournaments/MWC/2022_7K,,https://osu.ppy.sh/beatmapsets/1698284,,,https://www.youtube.com/watch?v=4K2eLs7EmZs,,,
`Hino Isuka`:272; `s-don`,Hino Isuka vs. s-don - Glooorious!!,TOURNAMENT_OFFICIAL,FA_CATALOGUE,1,CONFIRMED,,osu!mania 7K World Cup 2023,Finals HB3,/wiki/Tournaments/MWC/2023_7K,,https://osu.ppy.sh/beatmapsets/1935691,,,https://www.youtube.com/watch?v=qvf4Wm5t0wM,,,
`katagiri`:176,katagiri - Kyuukou,TOURNAMENT_OFFICIAL,FA_CATALOGUE,1,CONFIRMED,,osu!mania 7K World Cup 2023,Grand Finals tiebreaker,/wiki/Tournaments/MWC/2023_7K,,https://osu.ppy.sh/beatmapsets/1939261,,https://soundcloud.com/katagiri/kyuukou,,,,
`LV.4`:214; `Yuu Ikeba`,LV.4 feat. Yuu Ikeba - Sentimental Surge,TOURNAMENT_OFFICIAL,FA_CATALOGUE,1,CONFIRMED,,osu!mania 7K World Cup 2023,Finals RC6,/wiki/Tournaments/MWC/2023_7K,,https://osu.ppy.sh/beatmapsets/1935688,https://osu.ppy.sh/beatmaps/artists/tracks?artist=LV.4&query=Sentimental%20Surge,,,,,
`SAMString`:273,SAMString - Ataraxia,TOURNAMENT_OFFICIAL,FA_CATALOGUE,1,CONFIRMED,,osu!mania 7K World Cup 2023,Grand Finals LN3,/wiki/Tournaments/MWC/2023_7K,,https://osu.ppy.sh/beatmapsets/1939418,https://osu.ppy.sh/beatmaps/artists/tracks?artist=SAMString&query=Ataraxia,,,,,
`Toromaru`:279,Toromaru - Uncharted Sky,TOURNAMENT_OFFICIAL,FA_CATALOGUE,1,CONFIRMED,,osu!mania 7K World Cup 2023,Semifinals RC6,/wiki/Tournaments/MWC/2023_7K,,https://osu.ppy.sh/beatmapsets/1931471,https://osu.ppy.sh/beatmaps/artists/tracks?artist=Toromaru&query=Uncharted%20Sky,,,,,
`onumi`:32; `Akira Complex`:51,onumi & Akira Complex - Ethereal Cyber Angel XV,TOURNAMENT_OFFICIAL,FA_CATALOGUE,1,CONFIRMED,,osu!taiko World Cup 2022,Grand Finals tiebreaker,/wiki/Tournaments/TWC/2022,,https://osu.ppy.sh/beatmapsets/1744942,,,https://www.youtube.com/watch?v=tsMQJbRBTxc,,,
`Raphlesia`,Raphlesia - Showdown,TOURNAMENT_OFFICIAL,NONE,0,ASSUMED,,osu! World Cup 2021,Finals HR3,/wiki/Tournaments/OWC/2021,,https://osu.ppy.sh/beatmapsets/1627494,,https://soundcloud.com/raphlesia/showdown,,,,
`Down`,Down - Down,TOURNAMENT_OFFICIAL,NONE,0,ASSUMED,,osu! World Cup 2022,Semifinals FM4,/wiki/Tournaments/OWC/2022,,https://osu.ppy.sh/beatmapsets/1880545,,,,https://open.spotify.com/album/4pMakhbTjq8kwg679WxBuf,,
"`TWC Sound Team ""Zeroth Powers""`","TWC Sound Team ""Zeroth Powers"" - One One",TOURNAMENT_OFFICIAL,NONE,0,ASSUMED,,osu!taiko World Cup 2021,Grand Finals tiebreaker,/wiki/Tournaments/TWC/2021,,https://osu.ppy.sh/beatmapsets/1422682,,,https://www.youtube.com/watch?v=xEnDPj7vxhA,,,
`agata`,agata - AMAIWTIWNKMS,TOURNAMENT_OFFICIAL,NONE,0,ASSUMED,,osu!taiko World Cup 2022,Grand Finals NM6,/wiki/Tournaments/TWC/2022,,https://osu.ppy.sh/beatmapsets/1744774,,https://soundcloud.com/user-493301624/vent,,,,
`breakchild`,breakchild - NEUROTYPICALSYSTEM,TOURNAMENT_OFFICIAL,NONE,0,ASSUMED,,osu!taiko World Cup 2022,Semifinals tiebreaker,/wiki/Tournaments/TWC/2022,,https://osu.ppy.sh/beatmapsets/1734223,,,,,,
`J-CORE SLi//CER`,"J-CORE SLi//CER - ""Ongaku purode~yusa"" no heikin-tekina seishin jotai",TOURNAMENT_OFFICIAL,NONE,0,ASSUMED,,osu!taiko World Cup 2022,Grand Finals NM1,/wiki/Tournaments/TWC/2022,,https://osu.ppy.sh/beatmapsets/1744775,,https://soundcloud.com/jcoreslicer/average-mental-state-of-the-music-producer,,,,